{
  "best_model": "lightgbm",
  "training_samples": 689,
  "feature_count": 232,
  "debit_classes": 12,
  "credit_classes": 7,
  "results": {
    "xgboost": {
      "debit": {
        "accuracy": 0.9855072463768116,
        "f1": 0.985516501008755,
        "precision": 0.9860248447204968,
        "recall": 0.9855072463768116
      },
      "credit": {
        "accuracy": 1.0,
        "f1": 1.0,
        "precision": 1.0,
        "recall": 1.0
      },
      "avg_f1": 0.9927582505043775
    },
    "lightgbm": {
      "debit": {
        "accuracy": 0.9927536231884058,
        "f1": 0.9923702170078982,
        "precision": 0.993271221532091,
        "recall": 0.9927536231884058
      },
      "credit": {
        "accuracy": 1.0,
        "f1": 1.0,
        "precision": 1.0,
        "recall": 1.0
      },
      "avg_f1": 0.996185108503949
    },
    "random_forest": {
      "debit": {
        "accuracy": 1.0,
        "f1": 1.0,
        "precision": 1.0,
        "recall": 1.0
      },
      "credit": {
        "accuracy": 0.9637681159420289,
        "f1": 0.961842848436898,
        "precision": 0.9662842190016103,
        "recall": 0.9637681159420289
      },
      "avg_f1": 0.980921424218449
    }
  },
  "debit_classes_list": [
    "100002",
    "100010",
    "100020",
    "100030",
    "400001",
    "500001",
    "500010",
    "500020",
    "500030",
    "500040",
    "500050",
    "500060"
  ],
  "credit_classes_list": [
    "100002",
    "100010",
    "100020",
    "200001",
    "200010",
    "200020",
    "400001"
  ]
}