{
  "best_model": "random_forest",
  "training_samples": 7213,
  "feature_count": 232,
  "debit_classes": 133,
  "credit_classes": 64,
  "results": {
    "lightgbm": {
      "debit": {
        "accuracy": 0.03465003465003465,
        "f1": 0.011995400968973308,
        "precision": 0.16835089027509303,
        "recall": 0.03465003465003465
      },
      "credit": {
        "accuracy": 0.5426195426195426,
        "f1": 0.5602334910079473,
        "precision": 0.61006583578403,
        "recall": 0.5426195426195426
      },
      "avg_f1": 0.2861144459884603
    },
    "random_forest": {
      "debit": {
        "accuracy": 0.4802494802494803,
        "f1": 0.38151226986272013,
        "precision": 0.3698083749774279,
        "recall": 0.4802494802494803
      },
      "credit": {
        "accuracy": 0.9230769230769231,
        "f1": 0.9048021087549439,
        "precision": 0.892607522450987,
        "recall": 0.9230769230769231
      },
      "avg_f1": 0.643157189308832
    }
  },
  "debit_classes_list": [
    "100001",
    "100002",
    "100010",
    "1000101",
    "100020",
    "100023",
    "100030",
    "100101",
    "101001",
    "101002",
    "101005",
    "101060",
    "102011",
    "102014",
    "102016",
    "103001",
    "103019",
    "103022",
    "104021",
    "104022",
    "104023",
    "104024",
    "104025",
    "104026",
    "104039",
    "104041",
    "104060",
    "105001",
    "105002",
    "106003",
    "106004",
    "106005",
    "106007",
    "106010",
    "106011",
    "106012",
    "201002",
    "201003",
    "201004",
    "201006",
    "201017",
    "202001",
    "202003",
    "203001",
    "400001",
    "400003",
    "400004",
    "400005",
    "400006",
    "400007",
    "400008",
    "400009",
    "400010",
    "400011",
    "400012",
    "400014",
    "400015",
    "400016",
    "400018",
    "400020",
    "400021",
    "400022",
    "400024",
    "400026",
    "400027",
    "400030",
    "400031",
    "400032",
    "400033",
    "400034",
    "400039",
    "400041",
    "400042",
    "400044",
    "400045",
    "400046",
    "400047",
    "400048",
    "400049",
    "400051",
    "400055",
    "400067",
    "40009",
    "40017",
    "410001",
    "410002",
    "410003",
    "410004",
    "410005",
    "410006",
    "410007",
    "410008",
    "410009",
    "410010",
    "410011",
    "410012",
    "410013",
    "410014",
    "410015",
    "410016",
    "410017",
    "410018",
    "410019",
    "410020",
    "410022",
    "410023",
    "410025",
    "410029",
    "410030",
    "410031",
    "410040",
    "410050",
    "410051",
    "410052",
    "410062",
    "410063",
    "410064",
    "410065",
    "41069",
    "500001",
    "500010",
    "500011",
    "500020",
    "500030",
    "500040",
    "500050",
    "500060",
    "999002",
    "999003",
    "999911",
    "999991",
    "999993",
    "999996"
  ],
  "credit_classes_list": [
    "100001",
    "100002",
    "100010",
    "100020",
    "101001",
    "101002",
    "101005",
    "1010060",
    "102011",
    "102014",
    "102016",
    "103019",
    "103020",
    "103022",
    "104021",
    "104022",
    "104023",
    "104024",
    "104025",
    "104039",
    "104041",
    "104060",
    "105001",
    "105002",
    "106004",
    "106010",
    "106013",
    "200001",
    "200010",
    "200020",
    "201002",
    "201003",
    "201004",
    "201017",
    "202003",
    "203001",
    "400001",
    "400003",
    "400004",
    "400010",
    "400014",
    "400022",
    "400030",
    "400039",
    "400041",
    "400045",
    "400051",
    "410003",
    "410004",
    "410006",
    "410008",
    "410020",
    "410021",
    "500001",
    "500003",
    "500008",
    "500011",
    "999001",
    "999002",
    "999992",
    "999993",
    "999994",
    "999995",
    "999999"
  ]
}